{
    "id": "73f23a387e264493b02bdcb5096b0e470005",
    "nome": "Sculture",
    "descrizione": "Le sculture, conosciute anche come opere d'arte tridimensionali, sono create attraverso l'uso di una varietà di materiali. Scopri i materiali utilizzati per creare sculture e la loro storia.",
    "opere": {
        "73f23a387e264493b02bdcb5096b0e4700050000": {"id": "73f23a387e264493b02bdcb5096b0e4700050000"},
        "73f23a387e264493b02bdcb5096b0e4700050001": {"id": "73f23a387e264493b02bdcb5096b0e4700050001"},
        "73f23a387e264493b02bdcb5096b0e4700050002": {"id": "73f23a387e264493b02bdcb5096b0e4700050002"}
    }
}
