{
    "id": "73f23a387e264493b02bdcb5096b0e470003",
    "nome": "Arte africana",
    "descrizione": "L'arte africana è tra le più antiche forme d'arte esistenti ed è praticata da migliaia di anni. Dalle prime pitture rupestri alle sculture del Benin, dall'arte dell'Africa odierna all'arte delle generazioni passate, questa collezione presenta una ricca diversità.",
    "opere": {
        "73f23a387e264493b02bdcb5096b0e4700030000": {"id": "73f23a387e264493b02bdcb5096b0e4700030000"},
        "73f23a387e264493b02bdcb5096b0e4700030001": {"id": "73f23a387e264493b02bdcb5096b0e4700030001"}
    }
}
