{
    "id": "73f23a387e264493b02bdcb5096b0e470000",
    "nome": "Antico Egitto",
    "descrizione": "Lorem ipsum dolor sit amet, consectetur adipiscing elit. Sed ut mi ac nisi placerat finibus sit amet non nulla. Donec sed euismod leo, in aliquet tortor. Praesent placerat accumsan elit eu ultricies. Quisque eget suscipit tortor, at scelerisque sapien. Cras tristique arcu id cursus pretium. Donec porta tortor finibus arcu mattis condimentum. Donec ac nisl mi. Curabitur condimentum varius tempor. Aliquam congue elit nec posuere mollis.",
    "opere": {
        "73f23a387e264493b02bdcb5096b0e4700000000": {"id": "73f23a387e264493b02bdcb5096b0e4700000000"},
        "73f23a387e264493b02bdcb5096b0e4700000001": {"id": "73f23a387e264493b02bdcb5096b0e4700000001"},
        "73f23a387e264493b02bdcb5096b0e4700000002": {"id": "73f23a387e264493b02bdcb5096b0e4700000002"}
    }
}
