{
    "id": "73f23a387e264493b02bdcb5096b0e470004",
    "nome": "Pittura europea",
    "descrizione": "La pittura europea è una forma d'arte della storia dell'arte occidentale. Si basa sulle tradizioni dell'Alto e del Basso Medioevo. Le fasi dello sviluppo di questa forma d'arte possono essere definite in termini di modifiche tecniche e sviluppi stilistici.",
    "opere": {
        "73f23a387e264493b02bdcb5096b0e4700040000": {"id": "73f23a387e264493b02bdcb5096b0e4700040000"},
        "73f23a387e264493b02bdcb5096b0e4700040001": {"id": "73f23a387e264493b02bdcb5096b0e4700040001"}
    }
}
