{
    "idStanzaCorrente": "73f23a387e264493b02bdcb5096b0e470000",
    "idStanzaFinale": "73f23a387e264493b02bdcb5096b0e470005",
    "descrizionePercorso": "Lorem Ipsum is simply dummy text of the printing and typesetting industry. Lorem Ipsum has been the industry's standard dummy text ever since the 1500s, when an unknown printer took a galley of type and scrambled it to make a type specimen book. It has survived not only five centuries, but also the leap into electronic typesetting, remaining essentially unchanged",
    "nomeMuseo": "Louvre",
    "nomePercorso": "Percorso_1",
    "mappaStanze": {

        "73f23a387e264493b02bdcb5096b0e470000": {
            "stanza": {
                "id":"73f23a387e264493b02bdcb5096b0e470000",
                "nome": "Antico egitto",
                "opere": {
                    "73f23a387e264493b02bdcb5096b0e4700000000": { "id": "73f23a387e264493b02bdcb5096b0e4700000000" },
                    "73f23a387e264493b02bdcb5096b0e4700000001": { "id": "73f23a387e264493b02bdcb5096b0e4700000001" },
                    "73f23a387e264493b02bdcb5096b0e4700000002": { "id": "73f23a387e264493b02bdcb5096b0e4700000002" }
                }
            },
            "archi": [
                "73f23a387e264493b02bdcb5096b0e470002",
                "73f23a387e264493b02bdcb5096b0e470001"
            ]
        },

        "73f23a387e264493b02bdcb5096b0e470001": {
            "stanza": {
                "id":"73f23a387e264493b02bdcb5096b0e470001",
                "nome": "Antica grecia",
                "opere": {
                    "73f23a387e264493b02bdcb5096b0e4700010000": { "id": "73f23a387e264493b02bdcb5096b0e4700010000" },
                    "73f23a387e264493b02bdcb5096b0e4700010001": { "id": "73f23a387e264493b02bdcb5096b0e4700010001" },
                    "73f23a387e264493b02bdcb5096b0e4700010002": { "id": "73f23a387e264493b02bdcb5096b0e4700010002" }
                }
            },
            "archi": [
                "73f23a387e264493b02bdcb5096b0e470000",
                "73f23a387e264493b02bdcb5096b0e470005"
            ]
        },

        "73f23a387e264493b02bdcb5096b0e470002": {
            "stanza": {
                "id":"73f23a387e264493b02bdcb5096b0e470002",
                "nome": "Antica roma",
                "opere": {
                    "73f23a387e264493b02bdcb5096b0e4700020000": { "id": "73f23a387e264493b02bdcb5096b0e4700020000" },
                    "73f23a387e264493b02bdcb5096b0e4700020001": { "id": "73f23a387e264493b02bdcb5096b0e4700020001" },
                    "73f23a387e264493b02bdcb5096b0e4700020002": { "id": "73f23a387e264493b02bdcb5096b0e4700020002" }
                }
            },
            "archi": [
                "73f23a387e264493b02bdcb5096b0e470000",
                "73f23a387e264493b02bdcb5096b0e470005"
            ]
        },

        "73f23a387e264493b02bdcb5096b0e470005": {
            "stanza": {
                "id":"73f23a387e264493b02bdcb5096b0e470005",
                "nome": "Sculture",
                "opere": {
                    "73f23a387e264493b02bdcb5096b0e4700050000": { "id": "73f23a387e264493b02bdcb5096b0e4700050000" },
                    "73f23a387e264493b02bdcb5096b0e4700050001": { "id": "73f23a387e264493b02bdcb5096b0e4700050001" },
                    "73f23a387e264493b02bdcb5096b0e4700050002": { "id": "73f23a387e264493b02bdcb5096b0e4700050002" }
                }
            },
            "archi": [
                "73f23a387e264493b02bdcb5096b0e470001"
            ]
        }
    }
}